{
    "dji fc300s 4000 2250 brown 0.5555": {
        "projection_type": "brown",
        "width": 4000,
        "height": 2250,
        "focal_x": 0.5552889562502147,
        "focal_y": 0.5552889562502147,
        "c_x": 0.007517571904002314,
        "c_y": 0.012386537608205378,
        "k1": -0.006298566837791381,
        "k2": 0.002464846059218863,
        "p1": 0.005145213420962464,
        "p2": 0.008270322485465387,
        "k3": 0.005637820308944858
    }
}