{
    "dji fc300s 4000 2250 brown 0.5555": {
        "projection_type": "brown",
        "width": 4000,
        "height": 2250,
        "focal_x": 0.5572989758496438,
        "focal_y": 0.5572989758496438,
        "c_x": -0.004431619952204964,
        "c_y": 0.0021562187631727434,
        "k1": -0.0011278418774208693,
        "k2": 0.00558662075436844,
        "p1": 0.002134642220695439,
        "p2": 0.005155627566437049,
        "k3": 0.007010821047871762
    }
}