{
  "boundary":
  {
    "area": 3566.725624,
    "avg_pt_per_sq_unit": 0.7380093872,
    "avg_pt_spacing": 0.4929147602,
    "boundary": "MULTIPOLYGON (((576720.47 5188103.0,576720.47 5188106.4,576722.47 5188108.2,576723.97 5188107.3,576722.47 5188104.7,576726.97 5188107.3,576729.47 5188104.7,576729.97 5188110.8,576732.47 5188111.6,576733.97 5188109.0,576735.97 5188112.5,576738.47 5188111.6,576740.47 5188115.1,576740.47 5188118.5,576744.47 5188120.3,576747.97 5188128.1,576750.97 5188129.8,576750.97 5188133.3,576748.97 5188136.7,576747.47 5188135.9,576747.47 5188130.7,576744.97 5188129.8,576741.47 5188132.4,576739.97 5188131.5,576740.47 5188128.9,576744.97 5188128.1,576742.97 5188126.3,576739.97 5188126.3,576741.97 5188124.6,576741.47 5188122.0,576739.97 5188124.6,576735.97 5188124.6,576734.47 5188122.0,576733.97 5188124.6,576731.47 5188123.7,576728.47 5188125.5,576728.47 5188127.2,576731.47 5188125.5,576732.97 5188126.3,576730.97 5188129.8,576728.47 5188128.9,576728.47 5188132.4,576732.47 5188132.4,576734.47 5188130.7,576735.97 5188131.5,576733.97 5188135.0,576735.97 5188136.7,576735.97 5188140.2,576738.97 5188140.2,576738.47 5188142.8,576735.97 5188143.7,576732.47 5188137.6,576729.97 5188138.5,576729.97 5188135.0,576728.47 5188134.1,576726.47 5188142.8,576729.97 5188145.4,576727.97 5188147.1,576729.47 5188149.7,576726.97 5188148.9,576723.97 5188150.6,576724.97 5188154.1,576720.97 5188155.8,576720.47 5188158.4,576716.47 5188158.4,576715.97 5188161.0,576713.47 5188160.1,576712.97 5188162.7,576708.97 5188164.4,576708.47 5188167.0,576705.47 5188168.8,576701.47 5188167.0,576701.47 5188170.5,576698.47 5188172.2,576697.97 5188174.8,576692.47 5188174.0,576687.47 5188165.3,576685.97 5188167.9,576683.47 5188167.0,576680.47 5188168.8,576681.97 5188166.2,576681.47 5188163.6,576677.47 5188165.3,576675.47 5188161.8,576671.47 5188161.8,576671.47 5188158.4,576667.97 5188155.8,576666.47 5188156.7,576668.47 5188158.4,576667.97 5188162.7,576669.97 5188164.4,576669.47 5188167.0,576666.47 5188165.3,576663.97 5188166.2,576661.97 5188164.4,576659.47 5188165.3,576659.47 5188161.8,576663.47 5188161.8,576661.97 5188157.5,576668.47 5188149.7,576667.97 5188145.4,576663.47 5188142.8,576663.47 5188135.9,576669.47 5188132.4,576669.97 5188129.8,576675.47 5188125.5,576677.47 5188120.3,576682.97 5188115.9,576686.47 5188109.9,576688.97 5188109.0,576691.97 5188110.8,576690.47 5188108.2,576690.97 5188103.8,576694.97 5188105.6,576695.47 5188108.2,576699.47 5188109.9,576699.97 5188112.5,576702.47 5188111.6,576706.97 5188114.2,576707.47 5188111.6,576714.47 5188108.2,576714.97 5188105.6,576720.47 5188103.0),(576714.97 5188124.6,576714.97 5188122.9,576718.97 5188124.6,576720.47 5188122.0,576720.97 5188126.3,576723.47 5188125.5,576725.47 5188127.2,576720.97 5188131.5,576720.47 5188127.2,576717.97 5188126.3,576716.47 5188128.9,576716.47 5188125.5,576714.97 5188124.6),(576725.47 5188134.1,576724.97 5188129.8,576726.47 5188128.9,576726.97 5188133.3,576725.47 5188134.1),(576707.47 5188149.7,576707.47 5188146.3,576708.97 5188148.9,576711.97 5188148.9,576709.97 5188152.3,576707.47 5188149.7)),((576738.47 5188132.4,576740.47 5188135.9,576737.47 5188137.6,576735.47 5188134.1,576738.47 5188132.4)),((576732.47 5188141.1,576734.47 5188142.8,576733.97 5188145.4,576730.97 5188143.7,576732.47 5188141.1)),((576678.47 5188167.0,576680.47 5188170.5,576679.97 5188173.1,576678.47 5188170.5,576674.47 5188172.2,576674.47 5188168.8,576678.47 5188167.0)),((576670.97 5188171.4,576672.97 5188174.8,576669.97 5188178.3,576667.97 5188174.8,576670.97 5188171.4)),((576700.97 5188173.1,576701.47 5188177.4,576698.47 5188179.2,576697.97 5188176.6,576700.97 5188173.1)),((576663.47 5188174.0,576664.97 5188176.6,576660.97 5188176.6,576660.97 5188174.8,576663.47 5188174.0)),((576676.97 5188181.8,576676.97 5188183.5,576672.97 5188185.2,576672.97 5188183.5,576676.97 5188181.8)))",
    "boundary_json": { "type": "MultiPolygon", "coordinates": [ [ [ [ 576720.469999989960343, 5188102.957840680144727 ], [ 576720.469999989960343, 5188106.421942289918661 ], [ 576722.469999989960343, 5188108.153993099927902 ], [ 576723.969999989960343, 5188107.287967699579895 ], [ 576722.469999989960343, 5188104.689891490153968 ], [ 576726.969999989960343, 5188107.287967699579895 ], [ 576729.469999989960343, 5188104.689891490153968 ], [ 576729.969999989960343, 5188110.752069310285151 ], [ 576732.469999989960343, 5188111.618094719946384 ], [ 576733.969999989960343, 5188109.02001850027591 ], [ 576735.969999989960343, 5188112.484120120294392 ], [ 576738.469999989960343, 5188111.618094719946384 ], [ 576740.469999989960343, 5188115.082196329720318 ], [ 576740.469999989960343, 5188118.546297949738801 ], [ 576744.469999989960343, 5188120.278348750434816 ], [ 576747.969999989960343, 5188128.072577389888465 ], [ 576750.969999989960343, 5188129.804628199897707 ], [ 576750.969999989960343, 5188133.26872980967164 ], [ 576748.969999989960343, 5188136.732831429690123 ], [ 576747.469999989960343, 5188135.866806020028889 ], [ 576747.469999989960343, 5188130.670653600245714 ], [ 576744.969999989960343, 5188129.804628199897707 ], [ 576741.469999989960343, 5188132.402704410254955 ], [ 576739.969999989960343, 5188131.536678999662399 ], [ 576740.469999989960343, 5188128.938602790236473 ], [ 576744.969999989960343, 5188128.072577389888465 ], [ 576742.969999989960343, 5188126.340526579879224 ], [ 576739.969999989960343, 5188126.340526579879224 ], [ 576741.969999989960343, 5188124.608475769869983 ], [ 576741.469999989960343, 5188122.010399560444057 ], [ 576739.969999989960343, 5188124.608475769869983 ], [ 576735.969999989960343, 5188124.608475769869983 ], [ 576734.469999989960343, 5188122.010399560444057 ], [ 576733.969999989960343, 5188124.608475769869983 ], [ 576731.469999989960343, 5188123.742450370453298 ], [ 576728.469999989960343, 5188125.474501180462539 ], [ 576728.469999989960343, 5188127.206551980227232 ], [ 576731.469999989960343, 5188125.474501180462539 ], [ 576732.969999989960343, 5188126.340526579879224 ], [ 576730.969999989960343, 5188129.804628199897707 ], [ 576728.469999989960343, 5188128.938602790236473 ], [ 576728.469999989960343, 5188132.402704410254955 ], [ 576732.469999989960343, 5188132.402704410254955 ], [ 576734.469999989960343, 5188130.670653600245714 ], [ 576735.969999989960343, 5188131.536678999662399 ], [ 576733.969999989960343, 5188135.000780619680882 ], [ 576735.969999989960343, 5188136.732831429690123 ], [ 576735.969999989960343, 5188140.196933040395379 ], [ 576738.969999989960343, 5188140.196933040395379 ], [ 576738.469999989960343, 5188142.795009249821305 ], [ 576735.969999989960343, 5188143.661034660413861 ], [ 576732.469999989960343, 5188137.59885683003813 ], [ 576729.969999989960343, 5188138.464882230386138 ], [ 576729.969999989960343, 5188135.000780619680882 ], [ 576728.469999989960343, 5188134.134755210019648 ], [ 576726.469999989960343, 5188142.795009249821305 ], [ 576729.969999989960343, 5188145.393085460178554 ], [ 576727.969999989960343, 5188147.125136270187795 ], [ 576729.469999989960343, 5188149.723212479613721 ], [ 576726.969999989960343, 5188148.857187080197036 ], [ 576723.969999989960343, 5188150.589237890206277 ], [ 576724.969999989960343, 5188154.053339499980211 ], [ 576720.969999989960343, 5188155.785390309989452 ], [ 576720.469999989960343, 5188158.383466520346701 ], [ 576716.46999999997206, 5188158.383466520346701 ], [ 576715.96999999997206, 5188160.981542729772627 ], [ 576713.46999999997206, 5188160.115517330355942 ], [ 576712.96999999997206, 5188162.713593539781868 ], [ 576708.96999999997206, 5188164.44564434979111 ], [ 576708.46999999997206, 5188167.043720560148358 ], [ 576705.46999999997206, 5188168.775771370157599 ], [ 576701.46999999997206, 5188167.043720560148358 ], [ 576701.46999999997206, 5188170.507822169922292 ], [ 576698.46999999997206, 5188172.239872979931533 ], [ 576697.96999999997206, 5188174.837949190288782 ], [ 576692.46999999997206, 5188173.971923789940774 ], [ 576687.46999999997206, 