{
  "boundary":
  {
    "area": 2900.752089,
    "avg_pt_per_sq_unit": 0.7336201256,
    "avg_pt_spacing": 0.4906794021,
    "boundary": "MULTIPOLYGON (((576717.42 5188135.6,576720.92 5188138.2,576720.92 5188141.7,576723.92 5188143.4,576726.42 5188142.6,576726.92 5188150.4,576729.92 5188152.1,576733.92 5188152.1,576734.42 5188154.7,576730.92 5188157.3,576733.92 5188157.3,576733.92 5188160.8,576735.92 5188164.2,576739.92 5188162.5,576740.42 5188159.9,576742.92 5188159.0,576745.92 5188160.8,576750.92 5188171.2,576752.42 5188170.3,576752.42 5188166.8,576755.42 5188170.3,576750.92 5188172.9,576750.42 5188175.5,576747.42 5188173.7,576744.92 5188174.6,576744.42 5188178.9,576745.92 5188181.5,576743.42 5188180.7,576741.92 5188178.1,576741.42 5188180.7,576744.42 5188182.4,576744.42 5188184.1,576741.42 5188182.4,576736.92 5188183.3,576740.42 5188185.9,576737.42 5188187.6,576738.92 5188190.2,576735.42 5188192.8,576737.42 5188196.3,576739.92 5188197.1,576740.42 5188199.7,576744.42 5188201.5,576744.92 5188205.8,576736.92 5188211.0,576734.42 5188210.1,576733.92 5188212.7,576723.92 5188212.7,576723.92 5188209.3,576728.42 5188208.4,576724.92 5188205.8,576723.42 5188208.4,576719.42 5188208.4,576718.92 5188211.0,576714.42 5188213.6,576711.92 5188212.7,576711.42 5188210.1,576708.42 5188208.4,576702.92 5188211.0,576704.42 5188208.4,576699.92 5188207.5,576697.92 5188204.1,576699.92 5188202.3,576697.92 5188200.6,576699.92 5188197.1,576704.42 5188196.3,576702.42 5188194.5,576699.92 5188195.4,576699.42 5188191.1,576696.42 5188191.1,576696.42 5188187.6,576694.92 5188188.5,576695.42 5188196.3,576693.42 5188198.0,576693.42 5188201.5,576691.92 5188200.6,576691.92 5188195.4,576689.42 5188194.5,576686.42 5188196.3,576684.42 5188194.5,576687.92 5188191.9,576690.42 5188192.8,576692.42 5188189.3,576690.42 5188187.6,576690.92 5188185.0,576692.42 5188187.6,576693.92 5188185.0,576696.92 5188185.0,576696.42 5188182.4,576690.42 5188182.4,576692.42 5188178.9,576690.42 5188177.2,576690.92 5188174.6,576688.92 5188172.9,576688.92 5188169.4,576690.92 5188166.0,576693.42 5188165.1,576696.92 5188157.3,576699.42 5188156.4,576701.42 5188151.2,576705.92 5188148.6,576708.42 5188149.5,576708.42 5188146.0,576710.42 5188144.3,576714.42 5188144.3,576714.92 5188141.7,576712.92 5188138.2,576717.42 5188135.6),(576701.42 5188168.6,576702.92 5188166.0,576705.92 5188167.7,576703.92 5188171.2,576701.42 5188168.6),(576699.92 5188190.2,576699.42 5188185.9,576700.92 5188185.0,576701.42 5188189.3,576699.92 5188190.2),(576704.42 5188192.8,576702.92 5188193.7,576702.92 5188190.2,576708.92 5188191.9,576706.92 5188195.4,576704.42 5188192.8),(576705.92 5188200.6,576705.42 5188198.0,576707.42 5188196.3,576709.92 5188200.6,576709.92 5188195.4,576711.42 5188194.5,576713.42 5188198.0,576717.42 5188199.7,576717.42 5188203.2,576719.42 5188206.7,576714.92 5188211.0,576706.92 5188205.8,576711.42 5188203.2,576711.42 5188201.5,576705.92 5188204.1,576703.92 5188202.3,576706.92 5188202.3,576705.92 5188200.6),(576701.42 5188206.7,576700.92 5188202.3,576702.42 5188201.5,576702.92 5188205.8,576701.42 5188206.7)),((576715.92 5188202.3,576715.92 5188207.5,576713.42 5188208.4,576710.42 5188206.7,576710.42 5188204.9,576714.42 5188206.7,576712.92 5188204.1,576715.92 5188202.3)),((576738.42 5188154.7,576738.92 5188157.3,576735.92 5188159.0,576736.92 5188155.6,576738.42 5188154.7)),((576687.42 5188180.7,576687.92 5188183.3,576684.92 5188185.0,576684.92 5188181.5,576687.42 5188180.7)),((576682.92 5188181.5,576682.92 5188185.0,576678.92 5188185.0,576678.92 5188183.3,576681.42 5188184.1,576682.92 5188181.5)),((576712.92 5188214.5,576714.92 5188217.9,576711.92 5188217.9,576713.42 5188220.5,576711.92 5188221.4,576709.92 5188217.9,576712.92 5188214.5)),((576727.92 5188214.5,576729.92 5188217.9,576726.92 5188219.6,576724.92 5188217.9,576727.92 5188217.9,576726.42 5188215.3,576727.92 5188214.5)),((576718.92 5188216.2,576721.92 5188216.2,576720.42 5188218.8,576721.92 5188221.4,576715.92 5188219.6,576718.92 5188216.2)),((576715.92 5188223.1,576719.42 5188225.7,576714.92 5188228.3,576716.42 5188225.7,576714.42 5188224.0,576715.92 5188223.1)))",
    "boundary_json": { "type": "MultiPolygon",