{
    "dji fc300s 4000 2250 brown 0.5555": {
        "projection_type": "brown",
        "width": 4000,
        "height": 2250,
        "focal_x": 0.5553611081182868,
        "focal_y": 0.5553611081182868,
        "c_x": -0.002430919920901821,
        "c_y": -0.0005704549821447339,
        "k1": 0.00037643306163173966,
        "k2": 0.0036298251072725547,
        "p1": -0.0002481196947009352,
        "p2": -0.004127783450528604,
        "k3": 0.0072886951554162445
    }
}